pop,lat,long
P01_G,-38.78255,143.42538
P02_CO,-38.85415,143.5485
P03_AB,-38.76152,143.6799
P04_KR,-38.66978,143.86462
P05_L,-38.54768,143.98691
P06_A,-38.42829,144.18265
P07_T,-38.3396,144.32775
P08_Q,-38.26748,144.66719
P09_DB,-38.38316,144.77734
P10_F,-38.47556,145.02573
P11_YB,-38.50459,145.2514
P12_CW,-38.53052,145.34246
P13_K,-38.55329,145.47871
P14_EN,-38.66941,145.67076
P15_W,-38.86056,146.00061
P16_PiB,-39.01442,146.2912
P17_NB,-39.03486,146.3111
P18_SC,-39.02013,146.444
P19_Y,-38.82033,146.26664
P20_RB,-37.86757,148.06232
P21_SR,-37.80935,148.72623
P22_PY,-37.78871,148.88631
P23_CR,-37.77882,149.19576
P24_FC,-37.75605,149.49721
P25_PeB,-37.61212,149.71964
P26_Ma,-37.57102,149.76412
P27_CH,-37.51644,149.96242
P28_Gr,-37.2824,149.94291
P29_E,-37.06217,149.91018
P30_Me,-36.89089,149.92981
